iter	Logloss
0	0.6687722904
1	0.649252986
2	0.6328143431
3	0.6193413449
4	0.6076817149
